name	main_url	rss_url
MarkTechPost	https://www.marktechpost.com/	https://www.marktechpost.com/feed
Unite.AI	https://www.unite.ai/	https://www.unite.ai/feed/
The Decoder	https://the-decoder.com/	https://the-decoder.com/feed/
Synced Review	https://syncedreview.com/	https://syncedreview.com/feed/
AI Trends	https://www.aitrends.com/	https://www.aitrends.com/feed
KDnuggets	https://www.kdnuggets.com/	https://www.kdnuggets.com/feed
InsideBIGDATA	https://insidebigdata.com/	https://insidebigdata.com/feed
AI Business	https://aibusiness.com/	https://aibusiness.com/rss.xml
AI News (Artificial Intelligence News)	https://www.artificialintelligence-news.com/	https://www.artificialintelligence-news.com/feed/rss/
Emerj AI Research	https://emerj.com/	https://emerj.com/feed/
Analytics India Magazine	https://analyticsindiamag.com/	https://analyticsindiamag.com/feed
Datafloq	https://datafloq.com/	https://datafloq.com/feed/
Datanami	https://www.datanami.com/	https://www.datanami.com/feed/
The Next Web – Neural	https://thenextweb.com/neural	https://thenextweb.com/neural/feed
The Register – AI & ML	https://www.theregister.com/software/ai_ml/	https://www.theregister.com/software/ai_ml/headlines.atom
VentureBeat AI	https://venturebeat.com/category/ai/	https://venturebeat.com/category/ai/feed/
MIT Technology Review – AI	https://www.technologyreview.com/topic/ai/	https://www.technologyreview.com/feed/
IEEE Spectrum – AI	https://spectrum.ieee.org/artificial-intelligence	https://spectrum.ieee.org/feeds/topic/artificial-intelligence.rss
TechTalks – AI	https://bdtechtalks.com/category/artificial-intelligence/	https://bdtechtalks.com/feed/
Futurism – AI	https://futurism.com/categories/ai-artificial-intelligence	https://futurism.com/categories/ai-artificial-intelligence/feed
AI Accelerator Institute	https://www.aiacceleratorinstitute.com/	https://aiacceleratorinstitute.com/r/
TechMonitor – AI	https://techmonitor.ai/	https://techmonitor.ai/feed
The Stack	https://www.thestack.technology/	https://www.thestack.technology/feed/rss/
AI Snake Oil	https://aisnakeoil.substack.com/	https://aisnakeoil.substack.com/feed
The Sequence	https://thesequence.substack.com/	https://thesequence.substack.com/feed
The Rundown AI	https://www.therundown.ai/	https://rss.beehiiv.com/feeds/2R3C3C3A0WJ.xml
Ben’s Bites	https://bensbites.co/	https://bensbites.co/feed
The Batch (DeepLearning.AI)	https://www.deeplearning.ai/the-batch/	https://www.deeplearning.ai/feed/
Data Machina	https://datamachina.substack.com/	https://datamachina.substack.com/feed
TLDR AI	https://www.tldr.tech/ai/	https://www.tldr.tech/ai/feed
AlphaSignal AI	https://alphasignal.ai/	https://alphasignal.ai/feed
Superhuman AI	https://www.superhuman.ai/	https://www.superhuman.ai/feed
The Neuron	https://www.theneurondaily.com/	https://www.theneurondaily.com/feed
AI Breakfast	https://aibreakfast.beehiiv.com/	https://aibreakfast.beehiiv.com/feed
Import AI (Jack Clark)	https://import.ai/	https://import.ai/feed
AI Valley	https://www.theaivalley.com/	https://www.theaivalley.com/feed
Sunday Signal	https://sundaysignal.ai/	https://sundaysignal.ai/feed
Prompt Engineering Daily	https://www.neatprompts.com/	https://www.neatprompts.com/feed
Future Tools Newsletter	https://www.futuretools.io/newsletter	https://www.futuretools.io/feed
Not a Bot	https://www.notabot.tech/	https://www.notabot.tech/feed
AI Tidbits	https://www.aitidbits.ai/	https://www.aitidbits.ai/feed
The Algorithmic Bridge	https://thealgorithmicbridge.substack.com/	https://thealgorithmicbridge.substack.com/feed
Data Driven Dispatch	https://datadrivendispatch.substack.com/	https://datadrivendispatch.substack.com/feed
Interconnects	https://www.interconnects.ai/	https://www.interconnects.ai/feed
Unwind AI	https://unwindai.substack.com/	https://unwindai.substack.com/feed
OpenAI Blog	https://openai.com/blog	https://openai.com/blog/rss/
Google AI Blog	https://ai.googleblog.com/	http://ai.googleblog.com/feeds/posts/default
DeepMind Blog	https://www.deepmind.com/blog	https://www.deepmind.com/blog/feed
Hugging Face Blog	https://huggingface.co/blog	https://huggingface.co/blog/feed.xml
Meta AI Blog	https://ai.meta.com/blog/	https://ai.meta.com/blog/feed/
Microsoft AI Blog	https://blogs.microsoft.com/ai/	https://blogs.microsoft.com/ai/feed/
Anthropic Blog	https://www.anthropic.com/index/blog	https://www.anthropic.com/index/blog/feed
Cohere Blog	https://txt.cohere.ai/	https://txt.cohere.ai/rss/
Stability AI Blog	https://stability.ai/blog/	https://stability.ai/blog?format=rss
NVIDIA Technical Blog – AI	https://developer.nvidia.com/blog/category/ai/	https://developer.nvidia.com/blog/category/ai/feed/
AWS Machine Learning Blog	https://aws.amazon.com/blogs/machine-learning/	https://aws.amazon.com/blogs/machine-learning/feed/
IBM Research Blog	https://research.ibm.com/blog	https://research.ibm.com/blog/feed
Salesforce AI Research Blog	https://blog.salesforceairesearch.com/	https://blog.salesforceairesearch.com/feed
Berkeley BAIR Blog	https://bair.berkeley.edu/blog/	https://bair.berkeley.edu/blog/feed.xml
Stanford HAI News	https://hai.stanford.edu/news	https://hai.stanford.edu/news/feed
MILA Blog	https://mila.quebec/en/blog/	https://mila.quebec/en/feed/
Allen Institute for AI (AI2) Blog	https://allenai.org/blog	https://allenai.org/blog/feed
EleutherAI Blog	https://blog.eleuther.ai/	https://blog.eleuther.ai/index.xml
LangChain Blog	https://blog.langchain.dev/	https://blog.langchain.dev/rss/
Replicate Blog	https://replicate.com/blog	https://replicate.com/blog/rss
Together AI Blog	https://www.together.xyz/blog/	https://www.together.xyz/blog?format=rss
AssemblyAI Blog	https://www.assemblyai.com/blog/	https://www.assemblyai.com/blog/rss
Lightning AI Blog	https://lightning.ai/pages/blog/	https://lightning.ai/pages/blog/feed
Paperspace Blog	https://blog.paperspace.com/	https://blog.paperspace.com/rss/
Weights & Biases Blog	https://wandb.ai/fully-connected	https://wandb.ai/fully-connected/rss/
The AI Podcast (NVIDIA)	https://blogs.nvidia.com/ai-podcast/	https://feeds.blubrry.com/ai-podcast
Lex Fridman Podcast	https://lexfridman.com/podcast/	https://lexfridman.com/feed/podcast/
Practical AI	https://changelog.com/practicalai	https://changelog.com/practicalai/feed
TWIML AI Podcast	https://twimlai.com/	https://twimlai.com/feed/podcast/
Eye on AI	https://www.eye-on.ai/	https://www.eye-on.ai/feed
Data Skeptic	https://dataskeptic.com/	https://dataskeptic.com/feed
AI in Business (Emerj)	https://emerj.com/podcast/	https://emerj.com/podcast/feed/
Latent Space Podcast	https://www.latent.space/podcast	https://www.latent.space/podcast/feed
The Cognitive Revolution	https://www.cognitiverev.ai/	https://www.cognitiverev.ai/feed
Last Week in AI	https://lastweekin.ai/	https://lastweekin.ai/feed
The Robot Brains Podcast	https://www.therobotbrains.ai/	https://www.therobotbrains.ai/feed
Gradient Dissent (Weights & Biases)	https://wandb.ai/fully-connected	https://wandb.ai/fully-connected/rss/
Voicebot Podcast	https://voicebot.ai/voicebot-podcast/	https://voicebot.ai/feed/podcast/
Unsupervised Thinking Podcast	http://unsupervisedthinkingpodcast.blogspot.com/	http://unsupervisedthinkingpodcast.blogspot.com/feeds/posts
Two Minute Papers	https://www.youtube.com/@TwoMinutePapers	
Yannic Kilcher	https://www.youtube.com/@YannicKilcher	
AI Explained	https://www.youtube.com/@AIExplained	
DeepMind (YouTube)	https://www.youtube.com/@DeepMind	
OpenAI (YouTube)	https://www.youtube.com/@OpenAI	
Hugging Face (YouTube)	https://www.youtube.com/@HuggingFace	
AssemblyAI (YouTube)	https://www.youtube.com/@AssemblyAI	
Weights & Biases (YouTube)	https://www.youtube.com/@WeightsBiases	
Stanford Online – AI Playlists	https://www.youtube.com/user/stanfordonline/playlists	
MIT OpenCourseWare – AI	https://www.youtube.com/user/MIT/playlists	
Computerphile – AI Playlist	https://www.youtube.com/playlist?list=PLzHKuZ6d3t9l0oLMRpeG2E1X21M9KxLt	
CodeBullet (AI experiments)	https://www.youtube.com/@CodeBullet	
Andrej Karpathy	https://www.youtube.com/@AndrejKarpathy	
AI for Everyone	https://www.youtube.com/@AIForEveryone	
Machine Learning Street Talk	https://www.youtube.com/@MachineLearningStreetTalk	
The AI Guy	https://www.youtube.com/@TheAIGuy	
arXiv cs.AI	https://arxiv.org/list/cs.AI/recent	https://arxiv.org/rss/cs.AI
arXiv cs.LG	https://arxiv.org/list/cs.LG/recent	https://arxiv.org/rss/cs.LG
arXiv stat.ML	https://arxiv.org/list/stat.ML/recent	https://arxiv.org/rss/stat.ML
Papers with Code	https://paperswithcode.com/	https://paperswithcode.com/feed
Hugging Face Models	https://huggingface.co/models	
Proceedings of Machine Learning Research (PMLR)	http://proceedings.mlr.press/	http://proceedings.mlr.press/feed.xml
JMLR (Journal of Machine Learning Research)	http://www.jmlr.org/	https://www.jmlr.org/jmlr.xml
r/MachineLearning	https://www.reddit.com/r/MachineLearning/	https://www.reddit.com/r/MachineLearning/.rss
r/artificial	https://www.reddit.com/r/artificial/	https://www.reddit.com/r/artificial/.rss
r/deeplearning	https://www.reddit.com/r/deeplearning/	https://www.reddit.com/r/deeplearning/.rss
r/reinforcementlearning	https://www.reddit.com/r/reinforcementlearning/	https://www.reddit.com/r/reinforcementlearning/.rss
r/LanguageTechnology	https://www.reddit.com/r/LanguageTechnology/	https://www.reddit.com/r/LanguageTechnology/.rss
r/computervision	https://www.reddit.com/r/computervision/	https://www.reddit.com/r/computervision/.rss
r/datascience	https://www.reddit.com/r/datascience/	https://www.reddit.com/r/datascience/.rss
AI Weirdness	https://aiweirdness.com/	https://aiweirdness.com/rss
Distill.pub	https://distill.pub/	https://distill.pub/rss.xml
ML in Production	https://mlinproduction.com/	https://mlinproduction.com/feed
Chip Huyen’s Blog	https://huyenchip.com/	https://huyenchip.com/feed
Eugene Yan’s Blog	https://eugeneyan.com/	https://eugeneyan.com/rss/
Sebastian Raschka’s Blog	https://magazine.sebastianraschka.com/	https://magazine.sebastianraschka.com/feed
Simon Willison’s Weblog	https://simonwillison.net/	https://simonwillison.net/atom/entries/
Max Woolf’s Blog	https://minimaxir.com/	https://minimaxir.com/post/index.xml
Fast.ai Blog	https://www.fast.ai/	https://www.fast.ai/feed.xml
PyImageSearch	https://pyimagesearch.com/blog/	https://pyimagesearch.com/blog/feed
Neptune.ai Blog	https://neptune.ai/blog	https://neptune.ai/blog/feed
Gradient Flow	https://gradientflow.com/	https://gradientflow.com/feed/
WildML	http://www.wildml.com/	http://www.wildml.com/feed/
inFERENCe	https://www.inference.vc/	https://www.inference.vc/rss
Machine, Think!	https://machinethink.net/	http://machinethink.net/blog/index.xml
One Useful Thing	https://www.oneusefulthing.org/	https://www.oneusefulthing.org/feed
The Intrinsic Perspective	https://www.theintrinsicperspective.com/	https://www.theintrinsicperspective.com/feed
Synthedia	https://synthedia.substack.com/	https://synthedia.substack.com/feed
Chain of Thought	https://every.to/chain-of-thought	https://every.to/chain-of-thought/feed
Philschmid Blog	https://www.philschmid.de/	https://www.philschmid.de/feed.xml
DagsHub Blog	https://dagshub.com/blog/	https://dagshub.com/blog/rss/
Deephaven Blog	https://deephaven.io/blog/	https://deephaven.io/blog/rss.xml
Replicate Codex	https://notes.replicatecodex.com/	https://notes.replicatecodex.com/rss
DebuggerCafe	https://debuggercafe.com/	https://debuggercafe.com/feed/
Machine Learning Mastery Blog	https://machinelearningmastery.com/blog/	https://machinelearningmastery.com/blog/feed
Analytics Insight	https://www.analyticsinsight.net/	https://www.analyticsinsight.net/feed
AI Magazine (AIMagazine.com)	https://aimagazine.com/	https://aimagazine.com/feed
AI Now Institute News	https://ainowinstitute.org/category/news	https://ainowinstitute.org/category/news/feed
OECD AI Policy Observatory News	https://oecd.ai/en/wonk	https://oecd.ai/feed
Partnership on AI News	https://partnershiponai.org/news/	https://partnershiponai.org/news/feed
Stanford CRFM Blog	https://crfm.stanford.edu/blog.html	https://crfm.stanford.edu/feed/
AI Prompt Programming (Subreddit)	https://www.reddit.com/r/aipromptprogramming/	https://www.reddit.com/r/aipromptprogramming/.rss
Machine Learning News (Subreddit)	https://www.reddit.com/r/machinelearningnews/	https://www.reddit.com/r/machinelearningnews/.rss
Neural Networks (Subreddit)	https://www.reddit.com/r/neuralnetworks/	https://www.reddit.com/r/neuralnetworks/.rss
AI for Business – Forrester Blogs	https://www.forrester.com/blogs/category/artificial-intelligence/	https://www.forrester.com/blogs/category/artificial-intelligence/feed
Marketing AI Institute Blog	https://www.marketingaiinstitute.com/blog	https://www.marketingaiinstitute.com/blog/rss.xml
